<?xml version="1.0" encoding="UTF-8"?>
<!-- SessionID:2023-09-11_201845,HostName:RHEL7.LOCALDOMAIN,FileType:OVAL Variables,StreamName:RHEL_7_STIG-3.11.3,ErrorCount:0,WarnCount:1 -->

<oval-var:oval_variables xsi:schemaLocation="http://oval.mitre.org/XMLSchema/oval-common-5 https://raw.githubusercontent.com/OVALProject/Language/5.11.2/schemas/oval-common-schema.xsd http://oval.mitre.org/XMLSchema/oval-variables-5 https://raw.githubusercontent.com/OVALProject/Language/5.11.2/schemas/oval-variables-schema.xsd" xmlns:oval-var="http://oval.mitre.org/XMLSchema/oval-variables-5" xmlns:oval="http://oval.mitre.org/XMLSchema/oval-common-5" xmlns:xsi="http://www.w3.org/2001/XMLSchema-instance">
      <oval-var:generator>
            <oval:product_name>SCAP Compliance Checker</oval:product_name>
            <oval:product_version>5.7.2</oval:product_version>
            <oval:schema_version>5.11.2</oval:schema_version>
            <oval:timestamp>2023-09-11T20:19:17</oval:timestamp>
      </oval-var:generator>
      <oval-var:variables>
            <oval-var:variable datatype="string" comment="" id="oval:mil.disa.stig.rhel7:var:3828">
                  <oval-var:value>900</oval-var:value>
            </oval-var:variable>
            <oval-var:variable comment="" datatype="string" id="oval:mil.disa.stig.rhel7:var:3805">
                  <oval-var:value>-1</oval-var:value>
            </oval-var:variable>
            <oval-var:variable id="oval:mil.disa.stig.rhel7:var:3798" datatype="string" comment="">
                  <oval-var:value>-1</oval-var:value>
            </oval-var:variable>
            <oval-var:variable id="oval:mil.disa.stig.rhel7:var:3796" comment="" datatype="string">
                  <oval-var:value>-1</oval-var:value>
            </oval-var:variable>
            <oval-var:variable id="oval:mil.disa.stig.rhel7:var:3803" datatype="string" comment="">
                  <oval-var:value>-1</oval-var:value>
            </oval-var:variable>
            <oval-var:variable id="oval:mil.disa.stig.rhel7:var:3797" comment="" datatype="string">
                  <oval-var:value>8</oval-var:value>
            </oval-var:variable>
            <oval-var:variable id="oval:mil.disa.stig.rhel7:var:3801" datatype="string" comment="">
                  <oval-var:value>4</oval-var:value>
            </oval-var:variable>
            <oval-var:variable id="oval:mil.disa.stig.rhel7:var:3800" comment="" datatype="string">
                  <oval-var:value>3</oval-var:value>
            </oval-var:variable>
            <oval-var:variable id="oval:mil.disa.stig.rhel7:var:3799" comment="" datatype="string">
                  <oval-var:value>4</oval-var:value>
            </oval-var:variable>
            <oval-var:variable datatype="string" comment="" id="oval:mil.disa.stig.rhel7:var:3794">
                  <oval-var:value>1</oval-var:value>
            </oval-var:variable>
            <oval-var:variable id="oval:mil.disa.stig.rhel7:var:3793" datatype="string" comment="">
                  <oval-var:value>60</oval-var:value>
            </oval-var:variable>
            <oval-var:variable comment="" datatype="string" id="oval:mil.disa.stig.rhel7:var:3806">
                  <oval-var:value>5</oval-var:value>
            </oval-var:variable>
            <oval-var:variable id="oval:mil.disa.stig.rhel7:var:3802" comment="" datatype="string">
                  <oval-var:value>15</oval-var:value>
            </oval-var:variable>
            <oval-var:variable comment="" datatype="string" id="oval:mil.disa.stig.rhel7:var:3761">
                  <oval-var:value>4</oval-var:value>
            </oval-var:variable>
            <oval-var:variable datatype="string" comment="" id="oval:mil.disa.stig.rhel7:var:4211">
                  <oval-var:value>077</oval-var:value>
            </oval-var:variable>
            <oval-var:variable id="oval:mil.disa.stig.rhel7:var:3821" datatype="string" comment="">
                  <oval-var:value>root</oval-var:value>
            </oval-var:variable>
            <oval-var:variable datatype="string" comment="" id="oval:mil.disa.stig.rhel7:var:3866">
                  <oval-var:value>600</oval-var:value>
            </oval-var:variable>
            <oval-var:variable datatype="string" comment="" id="oval:mil.disa.stig.rhel7:var:3771">
                  <oval-var:value>0</oval-var:value>
            </oval-var:variable>
            <oval-var:variable comment="" datatype="string" id="oval:mil.disa.stig.rhel7:var:3776">
                  <oval-var:value>0</oval-var:value>
            </oval-var:variable>
            <oval-var:variable id="oval:mil.disa.stig.rhel7:var:3780" comment="" datatype="string">
                  <oval-var:value>1</oval-var:value>
            </oval-var:variable>
            <oval-var:variable comment="" datatype="string" id="oval:mil.disa.stig.rhel7:var:3775">
                  <oval-var:value>0</oval-var:value>
            </oval-var:variable>
            <oval-var:variable comment="" datatype="string" id="oval:mil.disa.stig.rhel7:var:3770">
                  <oval-var:value>0</oval-var:value>
            </oval-var:variable>
            <oval-var:variable comment="" datatype="string" id="oval:mil.disa.stig.rhel7:var:3785">
                  <oval-var:value>0</oval-var:value>
            </oval-var:variable>
      </oval-var:variables>
</oval-var:oval_variables>
